Открыто	UI — интерфейс	Геймплей и взаимодействия	Аудио	Мир и окружение	Графика и материалы	Персонажи и анимации	Производительность	Движение, камера и коллизии	Настройки	Тексты и локализация	Сетевой код	Данные и таблицы — XDT / TableData	Квесты и прогресс
У нано академии нет звука призыва и способностей (эт ещё старый баг академии). Их нет у всех, кроме Рекса, Финна и Пришельца Иск. А звука способностей нет даже у них. 	Присвоить правильный шрифт Числу зелий и усилителей (шрифт то правильный варавнивание и отступы надо поправить под UI)	Не работает стан у врагов	Крокпоттер в Пич-Крик будущего молчит	Нет капсулы времени Ларри (Она внизу Конфетной Бухты, это наверное не она... Это кто-то вместо Сквид модельку  капсулы нацепил... 	Просто хоть какая-то тень игроку	Не работают добавленные в ретробьюшене эмоуты игрока	Оптимизация, сеееееееееееееееееер. Сейчас в среднем 40-50 кадров.	Анимация удара не сбрасывается при использовании зиплайна	Назанчение клавиш сломано как и меню настроек		Не видно анимаций у другого игрока.		
Вернуть нормальную музыку в даунтаун (Опять вернулась та)	Заменить неудачные иконки НПС на старые	Мобы не используют атаку извержения (ту, заражающую землю с взрывом)	Музыка у некоторых заражённых зон не сбрасывается при выходе, пока не закончит.	Траффик не ездит, девочка в орхидея бей не ходит	Вода прогружается раньше остальных ассетов.	Теперь сломан тот же костюм, но на парне-банкире %) В молле Таунсвилля			Игра вылетает при подключении/отключении геймпада.		Нельзя нажать на другого игрока		
Нет звука закрытия окна эмейла	НЕ написаны капсом в туториале "Нажмите и удерживайте клавишу «W», чтобы двигаться вперёд.", "Поговорите с Декстером", "Воспользуйтесь телепортом, чтобы выйти", Чтобы воспользоваться телепортом, поговорите с Дексботом"	Сломалось сопровождение НПС. При этом в группу он входит.		Нет ИИ гуляния у фьюженов	Поды в гонках должны светиться и затухать. Возможно, тот же эффект, что у дорожных стрелок.	Нет анимации смены оружия.			Настройка инвертирования камеры по оси Y для геймпада.		У другого игрока показывается простро ник над головой. Его полоски здоровья с уровнем нет.		
После изменения расширения в игре игра вылетает, а после открытия опять пропадает кнопка полного экрана/окна	Нельзя изменить способность нано на нано-машине	У машины времени нет диалога о выборе гида.		Нет красных яиц Коко	Под в интерфейсе (у таймера) должен на секунду дёргаться при подбирании пода.	Продавцы ХОЛОсьютов не являются продавцами			Должно быть по умолчанию: RT cтреляет, LT -  способность нано, D-pad вниз - Камера назад, D-pad вверх - камера вблизь, D-pad влево - журнал, D-pad вправо - поменять оружие, LB - Свободная камера (как при CTRL), RB - нано-бусты, X - Нано 1 (работает, но отзывается с задержкой), Y - Нано 2 (работает, но отзывается с задержкой), B - Нано 3 (работает, но отзывается с задержкой)/Закрыть меню интерфейса/предмета, A - Прыжок/Взаимодействие с НПС/Подтвердить в меню, выбрать предмет, L3 - Прыгнуть на транспорт, R3 - Автобег, Start - меню Enter открыть/закрыть, Back - Инвентарь		При нажатие на игрока авоматически выбирается обмен		
Имплементировать функционал Барберов. Меню открывается, но не работает. "The Barber is unabailable. Please try later.	Нет маркера при выборе гида	Иногда, если моб убежал и сбросился - при каждом получении урона он будет сбрасываться обратно.		Загрузочный экран слишком рано уходит, когда локация ещё не догрузилась.	Лицо ГГ пропадает под определённым угром камеры, если состояние игрока хоть как-то менялось от изначального (менял оружие, прыгал на транспорт и т.д.)	Новые танцы сломаны					Меню обмена не работает. Убивает сервер.		
Починить ожог у нано Дарвина	Настроить минимальную высоту всех окон. Сейчас они идентичны высоте строк	Snare не работает ни на игроке, ни у нано		Щупальца порталов в непонятной зависимости пропадают. В том числе и у туториала. В те же моменты пропадают некоторые мобы (текстурно). Вероятно, деградация сервера?	Добавить чёрные линии вокруг глаз нано Мордекая и он будет даже норм	Мобы вместо анимации свободной ходьбы вне боя используюют бег боя.					Игроки резко появляются и исчезают. В оригинале был плавный наплыв.		
Нет анимации получения урона у игрока Теперь анимация - это Т-поза	Не могу создать второго персонажа во время одной сессии	Чёт я осознал, что ни разу не видел тройки мобов и босса-моба с четвёркой мобов поменьше				НПС с анимацией слишком быстро начинают анимацию заново.							
У Кропкотера (Мандроида) на корабле Мэндарка, судя по иконке, должна быть модель с шапочкой. Почти %) У него сбоку шапочка была	Большая надпись "Race Ready" во время нахождения в заражённой зоне и машине времени. Это интерфейс гонки. Его видно, даже если не гоняешься. Мне нравится идея того, чтобы он был слева от мини-карты. Но счётчик стал обратным вместо увеличивающимся. Этот интерфейс не исчезает, пока не перезайдёшь в игру.	При активации диалога квестовый диалог не перебивает диалог приветствия/тот, который был до него, пока тот не истечёт.				Одежда странно изгибается при использовании эмоций.			Слишком чувствительная камера на геймпаде				
Пушки не крутятся  полоска на UI  вверх вниз. Теперь пушки крутятся чут-чут. Всё равно пуляют в неправильном направлении	В чате написан технический текст выдачи нано после завершения нано-миссии "Nano recieved: 2"	Не работает команда /help и /redeem							Добавить возможность переключаться по активным кнопкам в меню интерфейса при помощи D-pada				
Ни разу не видел, чтобы НПС использовали Камень-Ножницы-Бумага. Мобы начали её использовать, но ни логика отражения с помощью нано, ни отнимание здоровья игрока не работает.	Вкладка "Письма Игроков" в окне э-мейла слоём выше, чем должна быть.	Добавить кулдаун произношения одной и той же текстовой реплики у разных НПС. Хотя бы минут десять.											
	Недоступные предметы не имеют красного фильтра в инвентаре (например, вещи другого гида)												
	При открытии журнала квестов активный квест сбрасывается на первый в категории.												
	Если поговорить с НПС, когда он далеко, но нажимаем - нельзя использовать диалог (предметы в миссии "В Вихрь")												
	Пузырьки текста НПС видно неприлично далеко и сквозь стены												
	Иконки СКАМПЕРа над ненужными НПС												
	Если выйти на экран создания персонажа, создав нового персонажа и поиграв за него, не выходя из игры - будет написано, что персонаж в локации "Неизвестно - неизвестно"												
	Сообщение о зарегистрированной точке транспорта появляется, даже если она уже зарегистрирована.												
	Точки перемещения в СКАМПЕРе не переведены (Мб и другого транспорта)												
	Сообщение машины времени не переведено "You need to be a higher level before traveling to this destination."												
	Название силовой фишки в нано-машине для смены спопобности нано не переведено.												
	Меню эмоций и предзаписанных реплик находится за левой частью меню Enter. Проблема со слоями.												
	Оч много мелких исправлений текста.												
	Увеличить высоту обрезания нано справа снизу.												
													
													
													